<?xml version="1.0" encoding="UTF-8"?>
<project-private xmlns="http://www.netbeans.org/ns/project-private/1">
    <editor-bookmarks xmlns="http://www.netbeans.org/ns/editor-bookmarks/2" lastBookmarkId="0"/>
    <open-files xmlns="http://www.netbeans.org/ns/projectui-open-files/2">
        <group>
            <file>file:/C:/Users/diana/Desktop/5to%20Semestre/Seminario%20de%20Ingenieria%20de%20Software%20I/Versiones%20Proyecto/Baluarte3/Baluarte3/src/Evaluacion.java</file>
            <file>file:/C:/Users/diana/Desktop/5to%20Semestre/Seminario%20de%20Ingenieria%20de%20Software%20I/Versiones%20Proyecto/Baluarte3/Baluarte3/src/PdfEstadoF.java</file>
            <file>file:/C:/Users/diana/Desktop/5to%20Semestre/Seminario%20de%20Ingenieria%20de%20Software%20I/Versiones%20Proyecto/Baluarte3/Baluarte3/src/RecursosHumanos.java</file>
            <file>file:/C:/Users/diana/Desktop/5to%20Semestre/Seminario%20de%20Ingenieria%20de%20Software%20I/Versiones%20Proyecto/Baluarte3/Baluarte3/src/Contador.java</file>
            <file>file:/C:/Users/diana/Desktop/5to%20Semestre/Seminario%20de%20Ingenieria%20de%20Software%20I/Versiones%20Proyecto/Baluarte3/Baluarte3/src/Interfaz.java</file>
            <file>file:/C:/Users/diana/Desktop/5to%20Semestre/Seminario%20de%20Ingenieria%20de%20Software%20I/Versiones%20Proyecto/Baluarte3/Baluarte3/src/Inventario.java</file>
            <file>file:/C:/Users/diana/Desktop/5to%20Semestre/Seminario%20de%20Ingenieria%20de%20Software%20I/Versiones%20Proyecto/Baluarte3/Baluarte3/src/EstadoFinanciero.java</file>
            <file>file:/C:/Users/diana/Desktop/5to%20Semestre/Seminario%20de%20Ingenieria%20de%20Software%20I/Versiones%20Proyecto/Baluarte3/Baluarte3/src/Empleado.java</file>
        </group>
    </open-files>
</project-private>
